#,PRODUCTO,SERIAL,ACTIVO,INSERTOS Y ANILLO RETENEDOR,,,,,
,,TUBERIA 602,,,,,,,
1,TUBO,PCT-23-4602-1-001,PCT-PUP-0117,SI,,,,,
2,TUBO,PCT-23-4602-1-002,PCT-PUP-0118,SI,,,,,
3,TUBO,PCT-23-4602-1-003,PCT-PUP-0119,SI,,,,,
4,TUBO,PCT-23-4602-1-004,PCT-PUP-0120,SI,,,,,
5,TUBO,PCT-23-4602-1-005,PCT-PUP-0121,SI,,,,,
6,TUBO,PCT-23-4602-1-006,PCT-PUP-0122,SI,,,,,
7,TUBO,PCT-23-4602-1-007,PCT-PUP-0123,SI,,,,,
8,TUBO,PCT-23-4602-1-008,PCT-PUP-0124,SI,,,,,
9,TUBO,PCT-23-4602-1-009,PCT-PUP-0125,SI,,,,,
10,TUBO,PCT-23-4602-1-010,PCT-PUP-0126,SI,,,,,
11,TUBO,PCT-23-4602-2-001,PCT-PUP-0127,SI,,,,,
12,TUBO,PCT-23-4602-2-002,PCT-PUP-0128,SI,,,,,
13,TUBO,PCT-23-4602-2-003,PCT-PUP-0129,SI,,,,,
14,TUBO,PCT-23-4602-2-004,PCT-PUP-0130,SI,,,,,
15,TUBO,PCT-23-4602-2-005,PCT-PUP-0131,SI,,,,,
16,TUBO,PCT-23-4602-2-006,PCT-PUP-0132,SI,,,,,
17,TUBO,PCT-23-4602-2-007,PCT-PUP-0133,SI,,,,,
18,TUBO,PCT-23-4602-2-008,PCT-PUP-0134,SI,,,,,
19,TUBO,PCT-23-4602-2-009,PCT-PUP-0135,SI,,,,,
20,TUBO,PCT-23-4602-2-010,PCT-PUP-0136,SI,,,,,
21,TUBO,PCT-23-4602-3-001,PCT-PUP-0137,SI,,,,,
22,TUBO,PCT-23-4602-3-002,PCT-PUP-0138,SI,,,,,
23,TUBO,PCT-23-4602-3-003,PCT-PUP-0139,SI,,,,,
24,TUBO,PCT-23-4602-3-004,PCT-PUP-0140,SI,,,,,
25,TUBO,PCT-23-4602-3-005,PCT-PUP-0141,SI,,,,,
26,TUBO,PCT-23-4602-3-006,PCT-PUP-0142,SI,,,,,
27,TUBO,PCT-23-4602-3-007,PCT-PUP-0143,SI,,,,,
28,TUBO,PCT-23-4602-3-008,PCT-PUP-0144,SI,,,,,
29,TUBO,PCT-23-4602-3-009,PCT-PUP-0145,SI,,,,,
30,TUBO,PCT-23-4602-3-010,PCT-PUP-0146,SI,,,,,
31,TUBO,PCT-23-4602-5-001,PCT-PUP-0147,SI,,,,,
32,TUBO,PCT-23-4602-5-002,PCT-PUP-0148,SI,,,,,
33,TUBO,PCT-23-4602-5-003,PCT-PUP-0149,SI,,,,,
34,TUBO,PCT-23-4602-5-004,PCT-PUP-0150,SI,,,,,
35,TUBO,PCT-23-4602-5-005,PCT-PUP-0151,SI,,,,,
36,TUBO,PCT-23-4602-5-006,PCT-PUP-0152,SI,,,,,
37,TUBO,PCT-23-4602-5-007,PCT-PUP-0153,SI,,,,,
38,TUBO,PCT-23-4602-5-008,PCT-PUP-0154,SI,,,,,
39,TUBO,PCT-23-4602-5-009,PCT-PUP-0155,SI,,,,,
40,TUBO,PCT-23-4602-5-010,PCT-PUP-0156,SI,,,,,
41,TUBO,PCT-23-4602-10-001,PCT-PUP-0157,SI,,,,,
42,TUBO,PCT-23-4602-10-002,PCT-PUP-0158,SI,,,,,
43,TUBO,PCT-23-4602-10-003,PCT-PUP-0159,SI,,,,,
44,TUBO,PCT-23-4602-10-004,PCT-PUP-0160,SI,,,,,
45,TUBO,PCT-23-4602-10-005,PCT-PUP-0161,SI,,,,,
46,TUBO,PCT-23-4602-10-006,PCT-PUP-0162,SI,,,,,
47,TUBO,PCT-23-4602-10-007,PCT-PUP-0163,SI,,,,,
48,TUBO,PCT-23-4602-10-008,PCT-PUP-0164,SI,,,,,
49,TUBO,PCT-23-4602-10-009,PCT-PUP-0165,SI,,,,,
50,TUBO,PCT-23-4602-10-010,PCT-PUP-0166,SI,,,,,
51,90,PCT-23-4602-90-001,PCT-90-033,SI,,,,,
52,90,PCT-23-4602-90-002,PCT-90-034,SI,,,,,
53,90,PCT-23-4602-90-003,PCT-90-035,SI,,,,,
54,90,PCT-23-4602-90-004,PCT-90-036,SI,,,,,
55,90,PCT-23-4602-90-005,PCT-90-037,SI,,,,,
56,90,PCT-23-4602-90-006,PCT-90-038,SI,,,,,
57,90,PCT-23-4602-90-007,PCT-90-039,SI,,,,,
58,90,PCT-23-4602-90-008,PCT-90-040,SI,,,,,
59,90,PCT-23-4602-90-009,PCT-90-041,SI,,,,,
60,90,PCT-23-4602-90-010,PCT-90-042,SI,,,,,
61,90,PCT-23-4602-90-011,PCT-90-043,SI,,,,,
62,90,PCT-23-4602-90-012,PCT-90-044,SI,,,,,
63,90,PCT-23-4602-90-013,PCT-90-045,SI,,,,,
64,90,PCT-23-4602-90-014,PCT-90-046,SI,,,,,
65,90,PCT-23-4602-90-015,PCT-90-047,SI,,,,,
66,90,PCT-23-4602-90-016,PCT-90-048,SI,,,,,
67,90,PCT-23-4602-90-017,PCT-90-049,SI,,,,,
68,90,PCT-23-4602-90-018,PCT-90-050,SI,,,,,
69,90,PCT-23-4602-90-019,PCT-90-051,SI,,,,,
70,90,PCT-23-4602-90-020,PCT-90-052,SI,,,,,
71,45,PCT-23-4602-45-001,PCT-45-023,SI,,,,,
72,45,PCT-23-4602-45-002,PCT-45-024,SI,,,,,
73,45,PCT-23-4602-45-003,PCT-45-025,SI,,,,,
74,45,PCT-23-4602-45-004,PCT-45-026,SI,,,,,
75,45,PCT-23-4602-45-005,PCT-45-027,SI,,,,,
76,45,PCT-23-4602-45-006,PCT-45-028,SI,,,,,
77,45,PCT-23-4602-45-007,PCT-45-029,SI,,,,,
78,45,PCT-23-4602-45-008,PCT-45-030,SI,,,,,
79,45,PCT-23-4602-45-009,PCT-45-031,SI,,,,,
80,45,PCT-23-4602-45-010,PCT-45-032,SI,,,,,
81,45,PCT-23-4602-45-011,PCT-45-033,SI,,,,,
82,45,PCT-23-4602-45-012,PCT-45-034,SI,,,,,
83,45,PCT-23-4602-45-013,PCT-45-035,SI,,,,,
84,45,PCT-23-4602-45-014,PCT-45-036,SI,,,,,
85,45,PCT-23-4602-45-015,PCT-45-037,SI,,,,,
86,45,PCT-23-4602-45-016,PCT-45-038,SI,,,,,
87,45,PCT-23-4602-45-017,PCT-45-039,SI,,,,,
88,45,PCT-23-4602-45-018,PCT-45-040,SI,,,,,
89,45,PCT-23-4602-45-019,PCT-45-041,SI,,,,,
90,45,PCT-23-4602-45-020,PCT-45-042,SI,,,,,
91,TAPON,PCT-23-4602-P-001,PCT-PLG-005,NO,,,,,
92,TAPON,PCT-23-4602-P-002,PCT-PLG-006,NO,,,,,
93,TAPA,PCT-23-4602-C-001,PCT-CAP-005,NO,,,,,
94,TAPA,PCT-23-4602-C-002,PCT-CAP-006,NO,,,,,
95,90,25322-255,PCT-90-263,SI,,,,,
96,90,25322-256,PCT-90-264,SI,,,,,
97,90,25322-257,PCT-90-265,SI,,,,,
98,90,25322-258,PCT-90-266,SI,,,,,
99,90,25322-259,PCT-90-267,SI,,,,,
100,90,25322-260,PCT-90-268,SI,,,,,
101,90,25322-261,PCT-90-269,SI,,,,,
102,90,25322-262,PCT-90-270,SI,,,,,
103,90,25322-263,PCT-90-271,SI,,,,,
104,90,25322-264,PCT-90-272,SI,,,,,
105,90,25322-265,PCT-90-273,SI,,,,,
106,90,25322-266,PCT-90-274,SI,,,,,
107,90,25322-267,PCT-90-275,SI,,,,,
108,90,25322-268,PCT-90-276,SI,,,,,
109,90,25322-269,PCT-90-277,SI,,,,,
110,TEE 1 (HXMXM),25322-270,PCT-TEE-028,SI,,,,,
111,TEE 1 (HXMXM),25322-271,PCT-TEE-029,SI,,,,,
112,TEE 1 (HXMXM),25322-272,PCT-TEE-030,SI,,,,,
113,TEE 1 (HXMXM),25322-273,PCT-TEE-031,SI,,,,,
114,TEE 1 (HXMXM),25322-274,PCT-TEE-032,SI,,,,,
115,TEE 1 (HXMXM),25322-275,PCT-TEE-033,SI,,,,,
116,TEE 2 (HXMXH O MXHXH),25322-276,PCT-TEE-034,SI,,,,,
117,TEE 2 (HXMXH O MXHXH),25322-277,PCT-TEE-035,SI,,,,,
118,TEE 2 (HXMXH O MXHXH),25322-278,PCT-TEE-036,SI,,,,,
119,TEE 2 (HXMXH O MXHXH),25322-279,PCT-TEE-037,SI,,,,,
120,TEE 2 (HXMXH O MXHXH),25322-280,PCT-TEE-038,SI,,,,,
121,TEE 2 (HXMXH O MXHXH),25322-281,PCT-TEE-039,SI,,,,,
122,TEE 3 (HXMXH O HXHXM),25322-282,PCT-TEE-040,SI,,,,,
123,TEE 3 (HXMXH O HXHXM),25322-283,PCT-TEE-041,SI,,,,,
124,TEE 3 (HXMXH O HXHXM),25322-284,PCT-TEE-042,SI,,,,,
125,TAPON,25322-295,PCT-PLG-017,NO,,,,,
126,TAPON,25322-296,PCT-PLG-018,NO,,,,,
127,TAPA,25322-297,PCT-CAP-017,NO,,,,,
128,TAPA,25322-298,PCT-CAP-018,NO,,,,,
129,TAPON,25322-303,PCT-PLG-021,NO,,,,,
130,TAPON,25322-304,PCT-PLG-022,NO,,,,,
131,TAPA,25322-305,PCT-CAP-021,NO,,,,,
132,TAPA,25322-306,PCT-CAP-022,NO,,,,,
133,TAPON,25322-307,PCT-PLG-023,NO,,,,,
134,TAPON,25322-308,PCT-PLG-024,NO,,,,,
135,TAPON,25322-309,PCT-PLG-025,NO,,,,,
136,TAPA,25322-310,PCT-CAP-023,NO,,,,,
137,TAPA,25322-311,PCT-CAP-024,NO,,,,,
138,TAPA,25322-312,PCT-CAP-025,NO,,,,,
,,TUBERIA 1502,,,,,,,
139,TUBO,PCT-23-21502-1-001,PCT-PUP-0167,SI,,,,,
140,TUBO,PCT-23-21502-1-002,PCT-PUP-0168,SI,,,,,
141,TUBO,PCT-23-21502-1-003,PCT-PUP-0169,SI,,,,,
142,TUBO,PCT-23-21502-1-004,PCT-PUP-0170,SI,,,,,
143,TUBO,PCT-23-21502-1-005,PCT-PUP-0171,SI,,,,,
144,TUBO,PCT-23-21502-1-006,PCT-PUP-0172,SI,,,,,
145,TUBO,PCT-23-21502-1-007,PCT-PUP-0173,SI,,,,,
146,TUBO,PCT-23-21502-1-008,PCT-PUP-0174,SI,,,,,
147,TUBO,PCT-23-21502-1-009,PCT-PUP-0175,SI,,,,,
148,TUBO,PCT-23-21502-1-010,PCT-PUP-0176,SI,,,,,
149,TUBO,PCT-24-21502-1-001,PCT-PUP-0177,SI,,,,,
150,TUBO,PCT-24-21502-1-002,PCT-PUP-0178,SI,,,,,
151,TUBO,PCT-24-21502-1-003,PCT-PUP-0179,SI,,,,,
152,TUBO,PCT-24-21502-1-004,PCT-PUP-0180,SI,,,,,
153,TUBO,PCT-24-21502-1-005,PCT-PUP-0181,SI,,,,,
154,TUBO,PCT-24-21502-1-006,PCT-PUP-0182,SI,,,,,
155,TUBO,PCT-24-21502-1-007,PCT-PUP-0183,SI,,,,,
156,TUBO,PCT-24-21502-1-008,PCT-PUP-0184,SI,,,,,
157,TUBO,PCT-24-21502-1-009,PCT-PUP-0185,SI,,,,,
158,TUBO,PCT-24-21502-1-010,PCT-PUP-0186,SI,,,,,
159,TUBO,PCT-23-21502-2-001,PCT-PUP-0187,SI,,,,,
160,TUBO,PCT-23-21502-2-002,PCT-PUP-0188,SI,,,,,
161,TUBO,PCT-23-21502-2-003,PCT-PUP-0189,SI,,,,,
162,TUBO,PCT-23-21502-2-004,PCT-PUP-0190,SI,,,,,
163,TUBO,PCT-23-21502-2-005,PCT-PUP-0191,SI,,,,,
164,TUBO,PCT-23-21502-2-006,PCT-PUP-0192,SI,,,,,
165,TUBO,PCT-23-21502-2-007,PCT-PUP-0193,SI,,,,,
166,TUBO,PCT-23-21502-2-008,PCT-PUP-0194,SI,,,,,
167,TUBO,PCT-23-21502-2-009,PCT-PUP-0195,SI,,,,,
168,TUBO,PCT-23-21502-2-010,PCT-PUP-0196,SI,,,,,
169,TUBO,PCT-24-21502-2-001,PCT-PUP-0197,SI,,,,,
170,TUBO,PCT-24-21502-2-002,PCT-PUP-0198,SI,,,,,
171,TUBO,PCT-24-21502-2-003,PCT-PUP-0199,SI,,,,,
172,TUBO,PCT-24-21502-2-006,PCT-PUP-0202,SI,,,,,
173,TUBO,PCT-24-21502-2-007,PCT-PUP-0203,SI,,,,,
174,TUBO,PCT-24-21502-2-008,PCT-PUP-0204,SI,,,,,
175,TUBO,PCT-24-21502-2-009,PCT-PUP-0205,SI,,,,,
176,TUBO,PCT-24-21502-2-010,PCT-PUP-0206,SI,,,,,
177,TUBO,PCT-23-21502-3-001,PCT-PUP-0207,SI,,,,,
178,TUBO,PCT-23-21502-3-002,PCT-PUP-0208,SI,,,,,
179,TUBO,PCT-23-21502-3-003,PCT-PUP-0209,SI,,,,,
180,TUBO,PCT-23-21502-3-004,PCT-PUP-0210,SI,,,,,
181,TUBO,PCT-23-21502-3-005,PCT-PUP-0211,SI,,,,,
182,TUBO,PCT-23-21502-3-006,PCT-PUP-0212,SI,,,,,
183,TUBO,PCT-23-21502-3-007,PCT-PUP-0213,SI,,,,,
184,TUBO,PCT-23-21502-3-008,PCT-PUP-0214,SI,,,,,
185,TUBO,PCT-23-21502-3-009,PCT-PUP-0215,SI,,,,,
186,TUBO,PCT-23-21502-3-010,PCT-PUP-0216,SI,,,,,
187,TUBO,PCT-24-21502-3-001,PCT-PUP-0217,SI,,,,,
188,TUBO,PCT-24-21502-3-002,PCT-PUP-0218,SI,,,,,
189,TUBO,PCT-24-21502-3-003,PCT-PUP-0219,SI,,,,,
190,TUBO,PCT-24-21502-3-004,PCT-PUP-0220,SI,,,,,
191,TUBO,PCT-24-21502-3-005,PCT-PUP-0221,SI,,,,,
192,TUBO,PCT-24-21502-3-006,PCT-PUP-0222,SI,,,,,
193,TUBO,PCT-24-21502-3-007,PCT-PUP-0223,SI,,,,,
194,TUBO,PCT-24-21502-3-008,PCT-PUP-0224,SI,,,,,
195,TUBO,PCT-24-21502-3-009,PCT-PUP-0225,SI,,,,,
196,TUBO,PCT-24-21502-3-010,PCT-PUP-0226,SI,,,,,
197,TUBO,PCT-23-21502-5-001,PCT-PUP-0227,SI,,,,,
198,TUBO,PCT-23-21502-5-002,PCT-PUP-0228,SI,,,,,
199,TUBO,PCT-23-21502-5-003,PCT-PUP-0229,SI,,,,,
200,TUBO,PCT-23-21502-5-004,PCT-PUP-0230,SI,,,,,
201,TUBO,PCT-23-21502-5-005,PCT-PUP-0231,SI,,,,,
202,TUBO,PCT-23-21502-5-006,PCT-PUP-0232,SI,,,,,
203,TUBO,PCT-23-21502-5-007,PCT-PUP-0233,SI,,,,,
204,TUBO,PCT-23-21502-5-008,PCT-PUP-0234,SI,,,,,
205,TUBO,PCT-23-21502-5-009,PCT-PUP-0235,SI,,,,,
206,TUBO,PCT-23-21502-5-010,PCT-PUP-0236,SI,,,,,
207,TUBO,PCT-24-21502-5-001,PCT-PUP-0237,SI,,,,,
208,TUBO,PCT-24-21502-5-002,PCT-PUP-0238,SI,,,,,
209,TUBO,PCT-24-21502-5-003,PCT-PUP-0239,SI,,,,,
210,TUBO,PCT-24-21502-5-004,PCT-PUP-0240,SI,,,,,
211,TUBO,PCT-24-21502-5-005,PCT-PUP-0241,SI,,,,,
212,TUBO,PCT-24-21502-5-006,PCT-PUP-0242,SI,,,,,
213,TUBO,PCT-24-21502-5-007,PCT-PUP-0243,SI,,,,,
214,TUBO,PCT-24-21502-5-008,PCT-PUP-0244,SI,,,,,
215,TUBO,PCT-24-21502-5-009,PCT-PUP-0245,SI,,,,,
216,TUBO,PCT-24-21502-5-010,PCT-PUP-0246,SI,,,,,
217,TUBO,PCT-23-21502-10-001,PCT-PUP-0247,SI,,,,,
218,TUBO,PCT-23-21502-10-002,PCT-PUP-0248,SI,,,,,
219,TUBO,PCT-23-21502-10-003,PCT-PUP-0249,SI,,,,,
220,TUBO,PCT-23-21502-10-004,PCT-PUP-0250,SI,,,,,
221,TUBO,PCT-23-21502-10-005,PCT-PUP-0251,SI,,,,,
222,TUBO,PCT-23-21502-10-006,PCT-PUP-0252,SI,,,,,
223,TUBO,PCT-23-21502-10-007,PCT-PUP-0253,SI,,,,,
224,TUBO,PCT-23-21502-10-008,PCT-PUP-0254,SI,,,,,
225,TUBO,PCT-23-21502-10-009,PCT-PUP-0255,SI,,,,,
226,TUBO,PCT-23-21502-10-010,PCT-PUP-0256,SI,,,,,
227,TUBO,PCT-24-21502-10-001,PCT-PUP-0257,SI,,,,,
228,TUBO,PCT-24-21502-10-002,PCT-PUP-0258,SI,,,,,
229,TUBO,PCT-24-21502-10-003,PCT-PUP-0259,SI,,,,,
230,TUBO,PCT-24-21502-10-004,PCT-PUP-0260,SI,,,,,
231,TUBO,PCT-24-21502-10-005,PCT-PUP-0261,SI,,,,,
232,TUBO,PCT-24-21502-10-006,PCT-PUP-0262,SI,,,,,
233,TUBO,PCT-24-21502-10-007,PCT-PUP-0263,SI,,,,,
234,TUBO,PCT-24-21502-10-008,PCT-PUP-0264,SI,,,,,
235,TUBO,PCT-24-21502-10-009,PCT-PUP-0265,SI,,,,,
236,TUBO,PCT-24-21502-10-010,PCT-PUP-0266,SI,,,,,
237,90,PCT-23-21502-90-001,PCT-90-053,SI,,,,,
238,90,PCT-23-21502-90-002,PCT-90-054,SI,,,,,
239,90,PCT-23-21502-90-003,PCT-90-055,SI,,,,,
240,90,PCT-23-21502-90-004,PCT-90-056,SI,,,,,
241,90,PCT-23-21502-90-005,PCT-90-057,SI,,,,,
242,90,PCT-23-21502-90-006,PCT-90-058,SI,,,,,
243,90,PCT-23-21502-90-007,PCT-90-059,SI,,,,,
244,90,PCT-23-21502-90-008,PCT-90-060,SI,,,,,
245,90,PCT-23-21502-90-009,PCT-90-061,SI,,,,,
246,90,PCT-23-21502-90-010,PCT-90-062,SI,,,,,
247,90,PCT-23-21502-90-011,PCT-90-063,SI,,,,,
248,90,PCT-23-21502-90-013,PCT-90-065,SI,,,,,
249,90,PCT-23-21502-90-014,PCT-90-066,SI,,,,,
250,90,PCT-23-21502-90-015,PCT-90-067,SI,,,,,
251,90,PCT-23-21502-90-016,PCT-90-068,SI,,,,,
252,90,PCT-23-21502-90-017,PCT-90-069,SI,,,,,
253,90,PCT-23-21502-90-018,PCT-90-070,SI,,,,,
254,90,PCT-23-21502-90-020,PCT-90-072,SI,,,,,
255,90,PCT-24-21502-90-001,PCT-90-073,SI,,,,,
256,90,PCT-24-21502-90-003,PCT-90-075,SI,,,,,
257,90,PCT-24-21502-90-006,PCT-90-078,SI,,,,,
258,90,PCT-24-21502-90-008,PCT-90-080,SI,,,,,
259,90,PCT-24-21502-90-009,PCT-90-081,SI,,,,,
260,90,PCT-24-21502-90-010,PCT-90-082,SI,,,,,
261,45,PCT-24-21502-45-001,PCT-45-043,SI,,,,,
262,45,PCT-24-21502-45-002,PCT-45-044,SI,,,,,
263,45,PCT-24-21502-45-003,PCT-45-045,SI,,,,,
264,45,PCT-24-21502-45-004,PCT-45-046,SI,,,,,
265,45,PCT-24-21502-45-005,PCT-45-047,SI,,,,,
266,45,PCT-24-21502-45-006,PCT-45-048,SI,,,,,
267,45,PCT-24-21502-45-007,PCT-45-049,SI,,,,,
268,45,PCT-24-21502-45-008,PCT-45-050,SI,,,,,
269,45,PCT-24-21502-45-009,PCT-45-051,SI,,,,,
270,45,PCT-24-21502-45-010,PCT-45-052,SI,,,,,
271,TEE 1 (HXMXM),PCT-23-21502-T1-001,PCT-TEE-013,SI,,,,,
272,TEE 1 (HXMXM),PCT-23-21502-T1-002,PCT-TEE-014,SI,,,,,
273,TEE 1 (HXMXM),PCT-23-21502-T1-003,PCT-TEE-015,SI,,,,,
274,TEE 1 (HXMXM),PCT-23-21502-T1-004,PCT-TEE-016,SI,,,,,
275,TEE 1 (HXMXM),PCT-23-21502-T1-005,PCT-TEE-017,SI,,,,,
276,TEE 1 (HXMXM),PCT-24-21502-T1-001,PCT-TEE-018,SI,,,,,
277,TEE 1 (HXMXM),PCT-24-21502-T1-002,PCT-TEE-019,SI,,,,,
278,TEE 2 (HXMXH O MXHXH),PCT-23-21502-T2-001,PCT-TEE-020,SI,,,,,
279,TEE 2 (HXMXH O MXHXH),PCT-23-21502-T2-003,PCT-TEE-022,SI,,,,,
280,TEE 2 (HXMXH O MXHXH),PCT-23-21502-T2-004,PCT-TEE-023,SI,,,,,
281,TEE 2 (HXMXH O MXHXH),PCT-23-21502-T2-005,PCT-TEE-024,SI,,,,,
282,TEE 2 (HXMXH O MXHXH),PCT-24-21502-T2-001,PCT-TEE-025,SI,,,,,
283,TEE 2 (HXMXH O MXHXH),PCT-24-21502-T2-002,PCT-TEE-026,SI,,,,,
284,TAPON,PCT-23-21502-P-001,PCT-PLG-007,NO,,,,,
285,TAPON,PCT-23-21502-P-002,PCT-PLG-008,NO,,,,,
286,TAPA,PCT-23-21502-C-002,PCT-CAP-008,NO,,,,,
287,TUBO,PCT-24-31502-1-001,PCT-PUP-0267,SI,,,,,
288,TUBO,PCT-24-31502-1-002,PCT-PUP-0268,SI,,,,,
289,TUBO,PCT-24-31502-1-003,PCT-PUP-0269,SI,,,,,
290,TUBO,PCT-24-31502-1-004,PCT-PUP-0270,SI,,,,,
291,TUBO,PCT-24-31502-1-005,PCT-PUP-0271,SI,,,,,
292,TUBO,PCT-24-31502-1-006,PCT-PUP-0272,SI,,,,,
293,TUBO,PCT-24-31502-1-007,PCT-PUP-0273,SI,,,,,
294,TUBO,PCT-24-31502-1-008,PCT-PUP-0274,SI,,,,,
295,TUBO,PCT-24-31502-1-009,PCT-PUP-0275,SI,,,,,
296,TUBO,PCT-24-31502-1-010,PCT-PUP-0276,SI,,,,,
297,TUBO,PCT-24-31502-2-001,PCT-PUP-0277,SI,,,,,
298,TUBO,PCT-24-31502-2-002,PCT-PUP-0278,SI,,,,,
299,TUBO,PCT-24-31502-2-003,PCT-PUP-0279,SI,,,,,
300,TUBO,PCT-24-31502-2-004,PCT-PUP-0280,SI,,,,,
301,TUBO,PCT-24-31502-2-005,PCT-PUP-0281,SI,,,,,
302,TUBO,PCT-24-31502-2-006,PCT-PUP-0282,SI,,,,,
303,TUBO,PCT-24-31502-2-007,PCT-PUP-0283,SI,,,,,
304,TUBO,PCT-24-31502-2-008,PCT-PUP-0284,SI,,,,,
305,TUBO,PCT-24-31502-2-009,PCT-PUP-0285,SI,,,,,
306,TUBO,PCT-24-31502-2-010,PCT-PUP-0286,SI,,,,,
307,TUBO,PCT-24-31502-3-001,PCT-PUP-0287,SI,,,,,
308,TUBO,PCT-24-31502-3-002,PCT-PUP-0288,SI,,,,,
309,TUBO,PCT-24-31502-3-003,PCT-PUP-0289,SI,,,,,
310,TUBO,PCT-24-31502-3-004,PCT-PUP-0290,SI,,,,,
311,TUBO,PCT-24-31502-3-005,PCT-PUP-0291,SI,,,,,
312,TUBO,PCT-24-31502-3-006,PCT-PUP-0292,SI,,,,,
313,TUBO,PCT-24-31502-3-007,PCT-PUP-0293,SI,,,,,
314,TUBO,PCT-24-31502-3-008,PCT-PUP-0294,SI,,,,,
315,TUBO,PCT-24-31502-3-009,PCT-PUP-0295,SI,,,,,
316,TUBO,PCT-24-31502-3-010,PCT-PUP-0296,SI,,,,,
317,TUBO,PCT-24-31502-5-001,PCT-PUP-0297,SI,,,,,
318,TUBO,PCT-24-31502-5-002,PCT-PUP-0298,SI,,,,,
319,TUBO,PCT-24-31502-5-003,PCT-PUP-0299,SI,,,,,
320,TUBO,PCT-24-31502-5-004,PCT-PUP-0300,SI,,,,,
321,TUBO,PCT-24-31502-5-005,PCT-PUP-0301,SI,,,,,
322,TUBO,PCT-24-31502-5-006,PCT-PUP-0302,SI,,,,,
323,TUBO,PCT-24-31502-5-007,PCT-PUP-0303,SI,,,,,
324,TUBO,PCT-24-31502-5-008,PCT-PUP-0304,SI,,,,,
325,TUBO,PCT-24-31502-5-009,PCT-PUP-0305,SI,,,,,
326,TUBO,PCT-24-31502-5-010,PCT-PUP-0306,SI,,,,,
327,TUBO,PCT-24-31502-10-001,PCT-PUP-0307,SI,,,,,
328,TUBO,PCT-24-31502-10-002,PCT-PUP-0308,SI,,,,,
329,TUBO,PCT-24-31502-10-003,PCT-PUP-0309,SI,,,,,
330,TUBO,PCT-24-31502-10-004,PCT-PUP-0310,SI,,,,,
331,TUBO,PCT-24-31502-10-005,PCT-PUP-0311,SI,,,,,
332,TUBO,PCT-24-31502-10-006,PCT-PUP-0312,SI,,,,,
333,TUBO,PCT-24-31502-10-007,PCT-PUP-0313,SI,,,,,
334,TUBO,PCT-24-31502-10-008,PCT-PUP-0314,SI,,,,,
335,TUBO,PCT-24-31502-10-009,PCT-PUP-0315,SI,,,,,
336,TUBO,PCT-24-31502-10-010,PCT-PUP-0316,SI,,,,,
337,90,PCT-24-31502-90-001,PCT-90-083,SI,,,,,
338,90,PCT-24-31502-90-002,PCT-90-084,SI,,,,,
339,90,PCT-24-31502-90-003,PCT-90-085,SI,,,,,
340,90,PCT-24-31502-90-004,PCT-90-086,SI,,,,,
341,90,PCT-24-31502-90-005,PCT-90-087,SI,,,,,
342,90,PCT-24-31502-90-006,PCT-90-088,SI,,,,,
343,90,PCT-24-31502-90-007,PCT-90-089,SI,,,,,
344,90,PCT-24-31502-90-008,PCT-90-090,SI,,,,,
345,90,PCT-24-31502-90-010,PCT-90-092,SI,,,,,
346,90,PCT-24-31502-90-011,PCT-90-093,SI,,,,,
347,90,PCT-24-31502-90-012,PCT-90-094,SI,,,,,
348,90,PCT-24-31502-90-013,PCT-90-095,SI,,,,,
349,90,PCT-24-31502-90-014,PCT-90-096,SI,,,,,
350,90,PCT-24-31502-90-015,PCT-90-097,SI,,,,,
351,90,PCT-24-31502-90-016,PCT-90-098,SI,,,,,
352,90,PCT-24-31502-90-017,PCT-90-099,SI,,,,,
353,90,PCT-24-31502-90-018,PCT-90-100,SI,,,,,
354,90,PCT-24-31502-90-019,PCT-90-101,SI,,,,,
355,90,PCT-24-31502-90-020,PCT-90-102,SI,,,,,
356,45,PCT-24-31502-45-001,PCT-45-053,SI,,,,,
357,45,PCT-24-31502-45-002,PCT-45-054,SI,,,,,
358,45,PCT-24-31502-45-003,PCT-45-055,SI,,,,,
359,45,PCT-24-31502-45-004,PCT-45-056,SI,,,,,
360,45,PCT-24-31502-45-005,PCT-45-057,SI,,,,,
361,45,PCT-24-31502-45-006,PCT-45-058,SI,,,,,
362,45,PCT-24-31502-45-007,PCT-45-059,SI,,,,,
363,45,PCT-24-31502-45-008,PCT-45-060,SI,,,,,
364,45,PCT-24-31502-45-009,PCT-45-061,SI,,,,,
365,45,PCT-24-31502-45-010,PCT-45-062,SI,,,,,
366,TAPON,PCT-24-31502-P-001,PCT-PLG-009,NO,,,,,
367,TAPON,PCT-24-31502-P-002,PCT-PLG-010,NO,,,,,
368,TAPA,PCT-24-31502-C-001,PCT-CAP-009,NO,,,,,
369,TAPA,PCT-24-31502-C-002,PCT-CAP-010,NO,,,,,
370,TUBO,EBS-21502-DJ-SS-10-1,PCT-PUP-0494,SI,,,,,
371,TUBO,EBS-21502-DJ-SS-10-3,PCT-PUP-0495,SI,,,,,
372,TUBO,EBS-21502-DJ-SS-10-4,PCT-PUP-0496,SI,,,,,
373,TUBO,EBS-21502-DJ-SS-10-7,PCT-PUP-0497,SI,,,,,
374,TUBO,EBS-21502-DJ-SS-10-8,PCT-PUP-0498,SI,,,,,
375,TUBO,EBS-21502-DJ-SS-10-9,PCT-PUP-0499,SI,,,,,
376,TUBO,EBS-21502-DJ-SS-10-10,PCT-PUP-0500,SI,,,,,
377,TAPON,PCT-24-21502-P-001,PCT-PLG-011,NO,,,,,
378,TAPON,PCT-24-21502-P-002,PCT-PLG-012,NO,,,,,
379,TAPA,PCT-24-21502-C-001,PCT-CAP-011,NO,,,,,
380,TAPA,PCT-24-21502-C-002,PCT-CAP-012,NO,,,,,
381,90I,25322-195,PCT-90-203,SI,,,,,
382,90I,25322-196,PCT-90-204,SI,,,,,
383,90I,25322-197,PCT-90-205,SI,,,,,
384,90I,25322-198,PCT-90-206,SI,,,,,
385,90I,25322-199,PCT-90-207,SI,,,,,
386,90I,25322-200,PCT-90-208,SI,,,,,
387,90I,25322-201,PCT-90-209,SI,,,,,
388,90I,25322-202,PCT-90-210,SI,,,,,
389,90I,25322-203,PCT-90-211,SI,,,,,
390,90I,25322-204,PCT-90-212,SI,,,,,
391,90I,25322-205,PCT-90-213,SI,,,,,
392,90I,25322-206,PCT-90-214,SI,,,,,
393,90I,25322-207,PCT-90-215,SI,,,,,
394,90I,25322-208,PCT-90-216,SI,,,,,
395,90I,25322-209,PCT-90-217,SI,,,,,
396,90I,25322-210,PCT-90-218,SI,,,,,
397,90I,25322-211,PCT-90-219,SI,,,,,
398,90I,25322-212,PCT-90-220,SI,,,,,
399,90I,25322-213,PCT-90-221,SI,,,,,
400,90I,25322-214,PCT-90-222,SI,,,,,
401,90I,25322-215,PCT-90-223,SI,,,,,
402,90I,25322-216,PCT-90-224,SI,,,,,
403,90I,25322-217,PCT-90-225,SI,,,,,
404,90I,25322-218,PCT-90-226,SI,,,,,
405,90I,25322-219,PCT-90-227,SI,,,,,
406,90I,25322-220,PCT-90-228,SI,,,,,
407,90I,25322-221,PCT-90-229,SI,,,,,
408,90I,25322-222,PCT-90-230,SI,,,,,
409,90I,25322-223,PCT-90-231,SI,,,,,
410,90I,25322-224,PCT-90-232,SI,,,,,
411,90,25322-225,PCT-90-233,SI,,,,,
412,90,25322-226,PCT-90-234,SI,,,,,
413,90,25322-227,PCT-90-235,SI,,,,,
414,90,25322-228,PCT-90-236,SI,,,,,
415,90,25322-229,PCT-90-237,SI,,,,,
416,90,25322-230,PCT-90-238,SI,,,,,
417,90,25322-231,PCT-90-239,SI,,,,,
418,90,25322-232,PCT-90-240,SI,,,,,
419,90,25322-233,PCT-90-241,SI,,,,,
420,90,25322-234,PCT-90-242,SI,,,,,
421,90,25322-235,PCT-90-243,SI,,,,,
422,90,25322-236,PCT-90-244,SI,,,,,
423,90,25322-237,PCT-90-245,SI,,,,,
424,90,25322-238,PCT-90-246,SI,,,,,
425,90,25322-239,PCT-90-247,SI,,,,,
426,90,25322-240,PCT-90-248,SI,,,,,
427,90,25322-241,PCT-90-249,SI,,,,,
428,90,25322-242,PCT-90-250,SI,,,,,
429,90,25322-243,PCT-90-251,SI,,,,,
430,90,25322-244,PCT-90-252,SI,,,,,
431,90,25322-245,PCT-90-253,SI,,,,,
432,90,25322-246,PCT-90-254,SI,,,,,
433,90,25322-247,PCT-90-255,SI,,,,,
434,90,25322-248,PCT-90-256,SI,,,,,
435,90,25322-249,PCT-90-257,SI,,,,,
436,90,25322-250,PCT-90-258,SI,,,,,
437,90,25322-251,PCT-90-259,SI,,,,,
438,90,25322-252,PCT-90-260,SI,,,,,
439,90,25322-253,PCT-90-261,SI,,,,,
440,90,25322-254,PCT-90-262,SI,,,,,
441,TAPON,25322-317,PCT-PLG-028,NO,,,,,
442,TAPON,25322-318,PCT-PLG-029,NO,,,,,
443,TAPON,25322-319,PCT-PLG-030,NO,,,,,
444,TAPA,25322-320,PCT-CAP-028,NO,,,,,
445,TAPA,25322-321,PCT-CAP-029,NO,,,,,
446,TAPA,25322-322,PCT-CAP-030,NO,,,,,
,,TUBERIA 1002,,,,,,,
447,TEE 2 (HXMXH O MXHXH),1504STF,PCT-TEE-027,SI,,,,,
448,TAPON,25322-313,PCT-PLG-026,NO,,,,,
449,TAPA,25322-314,PCT-CAP-026,NO,,,,,
450,TAPON,25322-315,PCT-PLG-027,NO,,,,,
451,TAPA,25322-316,PCT-CAP-027,NO,,,,,
 ,,XOVER,,,,,,,
452,ANSI X ANSI,25322-128,PCT-XO-205,NO,,,,,
453,ANSI X ANSI,25322-179,PCT-XO-256,NO,,,,,
454,ANSI X ANSI,25322-194,PCT-XO-271,NO,,,,,
455,ANSI X H,25322-111,PCT-XO-188,NO,,,,,
456,ANSI X H,25322-113,PCT-XO-190,NO,,,,,
457,ANSI X H,25322-115,PCT-XO-192,NO,,,,,
458,ANSI X H,PCT-24-XO-4-206/150#-003,PCT-XO-067,NO,,,,,
459,ANSI X H,PCT-24-XO-4-206/150#-004,PCT-XO-068,NO,,,,,
460,ANSI X H,25322-139,PCT-XO-216,NO,,,,,
461,ANSI X H,25322-140,PCT-XO-217,NO,,,,,
462,ANSI X H,25322-143,PCT-XO-220,NO,,,,,
463,ANSI X H,25322-144,PCT-XO-221,NO,,,,,
464,ANSI X H,25322-135,PCT-XO-212,NO,,,,,
465,ANSI X H,25322-136,PCT-XO-213,NO,,,,,
466,ANSI X H,25322-147,PCT-XO-224,NO,,,,,
467,ANSI X H,25322-148,PCT-XO-225,NO,,,,,
468,ANSI X H,25322-151,PCT-XO-228,NO,,,,,
469,ANSI X H,25322-152,PCT-XO-229,NO,,,,,
470,ANSI X H,PCT-24-XO-030,PCT-XO-057,NO,,,,,
471,ANSI X H,PCT-24-XO-6-206/150#-003,PCT-XO-023,NO,,,,,
472,ANSI X H,PCT-24-XO-6-206/150#-004,PCT-XO-024,NO,,,,,
473,ANSI X H,25322-187,PCT-XO-264,NO,,,,,
474,ANSI X H,25322-189,PCT-XO-266,NO,,,,,
475,ANSI X H,25322-191,PCT-XO-268,NO,,,,,
476,ANSI X H,PCT-24-XO-031,PCT-XO-058,NO,,,,,
477,ANSI X M,25322-110,PCT-XO-187,NO,,,,,
478,ANSI X M,25322-112,PCT-XO-189,NO,,,,,
479,ANSI X M,25322-114,PCT-XO-191,NO,,,,,
480,ANSI X M,PCT-24-XO-4-206/150#-001,PCT-XO-065,NO,,,,,
481,ANSI X M,PCT-24-XO-4-206/150#-002,PCT-XO-066,NO,,,,,
482,ANSI X M,25322-137,PCT-XO-214,NO,,,,,
483,ANSI X M,25322-138,PCT-XO-215,NO,,,,,
484,ANSI X M,25322-141,PCT-XO-218,NO,,,,,
485,ANSI X M,25322-142,PCT-XO-219,NO,,,,,
486,ANSI X M,25322-133,PCT-XO-210,NO,,,,,
487,ANSI X M,25322-134,PCT-XO-211,NO,,,,,
488,ANSI X M,25322-145,PCT-XO-222,NO,,,,,
489,ANSI X M,25322-146,PCT-XO-223,NO,,,,,
490,ANSI X M,25322-149,PCT-XO-226,NO,,,,,
491,ANSI X M,25322-150,PCT-XO-227,NO,,,,,
492,ANSI X M,PCT-24-XO-6-206/150#-001,PCT-XO-021,NO,,,,,
493,ANSI X M,PCT-24-XO-6-206/150#-002,PCT-XO-022,NO,,,,,
494,ANSI X M,25322-186,PCT-XO-263,NO,,,,,
495,ANSI X M,25322-188,PCT-XO-265,NO,,,,,
496,ANSI X M,25322-190,PCT-XO-267,NO,,,,,
497,API X API,PCT-23-XO-2F/4F-001,PCT-XO-027,NO,,,,,
498,API X API,01507267,PCT-XO-074,NO,,,,,
499,API X API,PCT-24-X0-3F-10/15-001,PCT-XO-073,NO,,,,,
500,API X API,PCT-23-XO-3F/4F-002,PCT-XO-031,NO,,,,,
501,API X API,SM190025/01,PCT-XO-295,NO,,,,,
502,API X API,PCT-24-X0-4F-10/15-001,PCT-XO-072,NO,,,,,
503,API X API,PCT-23-XO-7F/4F-001,PCT-XO-034,NO,,,,,
504,API X H,PCT-23-XO-2F/2T-002,PCT-XO-028,NO,,,,,
505,API X H,STR2672D/02,PCT-XO-076,NO,,,,,
506,API X H,PCT-23-XO-2F/2T-003,PCT-XO-029,NO,,,,,
507,API X H,OV2137,PCT-XO-075,NO,,,,,
508,API X H,PCT-23-XO-3F/2T-003,PCT-XO-030,NO,,,,,
509,API X H,PCT-23-XO-3F/4T-001,PCT-XO-026,NO,,,,,
510,API X H,25322-130,PCT-XO-207,NO,,,,,
511,API X H,25322-132,PCT-XO-209,NO,,,,,
512,API X H,25322-125,PCT-XO-202,NO,,,,,
513,API X H,25322-127,PCT-XO-204,NO,,,,,
514,API X H,PCT-24-XO-035,PCT-XO-062,NO,,,,,
515,API X H,PCT-23-XO-4F/3W-001,PCT-XO-015,NO,,,,,
516,API X H,PCT-23-XO-4F/4T-001,PCT-XO-025,NO,,,,,
517,API X H,25322-172,PCT-XO-249,NO,,,,,
518,API X H,25322-174,PCT-XO-251,NO,,,,,
519,API X H,25322-177,PCT-XO-254,NO,,,,,
520,API X H,25322-154,PCT-XO-231,NO,,,,,
521,API X H,25322-176,PCT-XO-253,NO,,,,,
522,API X H,25322-156,PCT-XO-233,NO,,,,,
523,API X H,PCT-24-XO-033,PCT-XO-060,NO,,,,,
524,API X H,PCT-24-XO-7F/2T-001,PCT-XO-037,NO,,,,,
525,API X H,PCT-24-XO-7F/4T-001,PCT-XO-035,NO,,,,,
526,API X M,75KM3920	,PCT-XO-077,SI,,,,,
527,API X M,PCT-24-XO-3F/4W-001,PCT-XO-036,NO,,,,,
528,API X M,25322-129,PCT-XO-206,NO,,,,,
529,API X M,25322-131,PCT-XO-208,SI,,,,,
530,API X M,25322-124,PCT-XO-201,SI,,,,,
531,API X M,25322-126,PCT-XO-203,SI,,,,,
532,API X M,PCT-24-XO-034,PCT-XO-061,SI,,,,,
533,API X M,25322-171,PCT-XO-248,SI,,,,,
534,API X M,25322-173,PCT-XO-250,SI,,,,,
535,API X M,25322-178,PCT-XO-255,SI,,,,,
536,API X M,25322-153,PCT-XO-230,SI,,,,,
537,API X M,25322-175,PCT-XO-252,SI,,,,,
538,API X M,25322-155,PCT-XO-232,SI,,,,,
539,API X M,25322-192,PCT-XO-269,NO,,,,,
540,API X M,25322-193,PCT-XO-270,NO,,,,,
541,API X M,PCT-24-XO-032,PCT-XO-059,SI,,,,,
542,API X M,PCT-24-XO-7F/6W-001,PCT-XO-018,NO,,,,,
543,API X M,PCT-24-XO-7F/6W-002,PCT-XO-019,NO,,,,,
544,H X H,25322-017,PCT-XO-094,NO,,,,,
545,H X H,25322-018,PCT-XO-095,NO,,,,,
546,H X H,25322-019,PCT-XO-096,NO,,,,,
547,H X H,25322-020,PCT-XO-097,NO,,,,,
548,H X H,25322-027,PCT-XO-104,NO,,,,,
549,H X H,25322-028,PCT-XO-105,NO,,,,,
550,H X H,25322-029,PCT-XO-106,NO,,,,,
551,H X H,PCT-24-XO-012,PCT-XO-039,NO,,,,,
552,H X H,PCT-24-XO-013,PCT-XO-040,NO,,,,,
553,H X H,25322-003,PCT-XO-080,NO,,,,,
554,H X H,25322-004,PCT-XO-081,NO,,,,,
555,H X H,PCT-24-XO-016,PCT-XO-043,NO,,,,,
556,H X H,PCT-24-XO-017,PCT-XO-044,NO,,,,,
557,H X H,25322-040,PCT-XO-117,NO,,,,,
558,H X H,25322-041,PCT-XO-118,NO,,,,,
559,H X H,25322-074,PCT-XO-151,NO,,,,,
560,H X H,25322-075,PCT-XO-152,NO,,,,,
561,H X H,25322-168,PCT-XO-245,NO,,,,,
562,H X H,25322-169,PCT-XO-246,NO,,,,,
563,H X H,25322-170,PCT-XO-247,NO,,,,,
564,H X H,PCT-24-XO-022,PCT-XO-049,NO,,,,,
565,H X H,PCT-24-XO-023,PCT-XO-050,NO,,,,,
566,H X H,PCT-24-XO-6206-T/T-001,PCT-XO-020,NO,,,,,
567,M X M,25322-021,PCT-XO-098,SI,,,,,
568,M X M,25322-022,PCT-XO-099,SI,,,,,
569,M X M,25322-023,PCT-XO-100,SI,,,,,
570,M X M,25322-024,PCT-XO-101,SI,,,,,
571,M X M,25322-025,PCT-XO-102,SI,,,,,
572,M X M,25322-026,PCT-XO-103,SI,,,,,
573,M X M,PCT-23-XO-3/2-1502-001,PCT-XO-016,SI,,,,,
574,M X M,PCT-XO-3/2-1502-001,PCT-XO-038,SI,,,,,
575,M X M,PCT-24-XO-014,PCT-XO-041,SI,,,,,
576,M X M,PCT-24-XO-015,PCT-XO-042,SI,,,,,
577,M X M,25322-001,PCT-XO-078,NO,,,,,
578,M X M,25322-002,PCT-XO-079,NO,,,,,
579,M X M,PCT-24-XO-018,PCT-XO-045,SI,,,,,
580,M X M,PCT-24-XO-019,PCT-XO-046,SI,,,,,
581,M X M,25322-038,PCT-XO-115,NO,,,,,
582,M X M,25322-039,PCT-XO-116,NO,,,,,
583,M X M,25322-072,PCT-XO-149,SI,,,,,
584,M X M,25322-073,PCT-XO-150,SI,,,,,
585,M X M,25322-165,PCT-XO-242,SI,,,,,
586,M X M,25322-166,PCT-XO-243,SI,,,,,
587,M X M,25322-167,PCT-XO-244,SI,,,,,
588,M X M,PCT-24-XO-024,PCT-XO-051,SI,,,,,
589,M X M,PCT-24-XO-025,PCT-XO-052,SI,,,,,
590,M X M,25322-184,PCT-XO-261,NO,,,,,
591,M X M,25322-185,PCT-XO-262,NO,,,,,
592,H X M,PCT-23-XO-2/3-1502-001,PCT-XO-017,SI,,,,,
593,H X M,25322-036,PCT-XO-113,SI,,,,,
594,H X M,25322-037,PCT-XO-114,SI,,,,,
595,H X M,25322-032,PCT-XO-109,SI,,,,,
596,H X M,25322-033,PCT-XO-110,SI,,,,,
597,H X M,PCT-24-XO-020,PCT-XO-047,SI,,,,,
598,H X M,PCT-24-XO-021,PCT-XO-048,SI,,,,,
599,H X M,25322-034,PCT-XO-111,SI,,,,,
600,H X M,25322-035,PCT-XO-112,SI,,,,,
601,H X M,25322-030,PCT-XO-107,SI,,,,,
602,H X M,25322-031,PCT-XO-108,SI,,,,,
603,H X M,25322-008,PCT-XO-085,NO,,,,,
604,H X M,25322-009,PCT-XO-086,NO,,,,,
605,H X M,25322-010,PCT-XO-087,NO,,,,,
606,H X M,PCT-24-XO-206-2F/4M-001,PCT-XO-070,NO,,,,,
607,H X M,25322-005,PCT-XO-082,NO,,,,,
608,H X M,25322-006,PCT-XO-083,NO,,,,,
609,H X M,25322-007,PCT-XO-084,NO,,,,,
610,H X M,25322-014,PCT-XO-091,SI,,,,,
611,H X M,25322-015,PCT-XO-092,SI,,,,,
612,H X M,25322-016,PCT-XO-093,SI,,,,,
613,H X M,25322-011,PCT-XO-088,SI,,,,,
614,H X M,25322-012,PCT-XO-089,SI,,,,,
615,H X M,25322-013,PCT-XO-090,SI,,,,,
616,H X M,25322-116,PCT-XO-193,SI,,,,,
617,H X M,25322-117,PCT-XO-194,SI,,,,,
618,H X M,25322-118,PCT-XO-195,SI,,,,,
619,H X M,25322-119,PCT-XO-196,SI,,,,,
620,H X M,25322-101,PCT-XO-178,NO,,,,,
621,H X M,25322-102,PCT-XO-179,NO,,,,,
622,H X M,25322-103,PCT-XO-180,NO,,,,,
623,H X M,25322-104,PCT-XO-181,NO,,,,,
624,H X M,25322-105,PCT-XO-182,NO,,,,,
625,H X M,25322-108,PCT-XO-185,SI,,,,,
626,H X M,25322-109,PCT-XO-186,SI,,,,,
627,H X M,PCT-24-XO-028,PCT-XO-055,SI,,,,,
628,H X M,PCT-24-XO-029,PCT-XO-056,SI,,,,,
629,H X M,2572,PCT-XO-032,SI,,,,,
630,H X M,PENDIENTE,PCT-XO-033,SI,,,,,
631,H X M,25322-120,PCT-XO-197,SI,,,,,
632,H X M,25322-121,PCT-XO-198,SI,,,,,
633,H X M,25322-122,PCT-XO-199,SI,,,,,
634,H X M,25322-123,PCT-XO-200,SI,,,,,
635,H X M,25322-096,PCT-XO-173,SI,,,,,
636,H X M,25322-097,PCT-XO-174,SI,,,,,
637,H X M,25322-098,PCT-XO-175,SI,,,,,
638,H X M,25322-099,PCT-XO-176,SI,,,,,
639,H X M,25322-100,PCT-XO-177,SI,,,,,
640,H X M,25322-106,PCT-XO-183,SI,,,,,
641,H X M,25322-107,PCT-XO-184,SI,,,,,
642,H X M,25322-047,PCT-XO-124,SI,,,,,
643,H X M,25322-048,PCT-XO-125,SI,,,,,
644,H X M,25322-049,PCT-XO-126,SI,,,,,
645,H X M,25322-050,PCT-XO-127,SI,,,,,
646,H X M,25322-051,PCT-XO-128,SI,,,,,
647,H X M,25322-062,PCT-XO-139,NO,,,,,
648,H X M,25322-063,PCT-XO-140,NO,,,,,
649,H X M,25322-064,PCT-XO-141,NO,,,,,
650,H X M,25322-065,PCT-XO-142,NO,,,,,
651,H X M,25322-066,PCT-XO-143,NO,,,,,
652,H X M,25322-067,PCT-XO-144,NO,,,,,
653,H X M,25322-068,PCT-XO-145,NO,,,,,
654,H X M,25322-069,PCT-XO-146,NO,,,,,
655,H X M,25322-070,PCT-XO-147,NO,,,,,
656,H X M,25322-071,PCT-XO-148,NO,,,,,
657,H X M,25322-042,PCT-XO-119,NO,,,,,
658,H X M,25322-043,PCT-XO-120,NO,,,,,
659,H X M,25322-044,PCT-XO-121,NO,,,,,
660,H X M,25322-045,PCT-XO-122,NO,,,,,
661,H X M,25322-046,PCT-XO-123,NO,,,,,
662,H X M,25322-052,PCT-XO-129,NO,,,,,
663,H X M,25322-053,PCT-XO-130,NO,,,,,
664,H X M,25322-054,PCT-XO-131,NO,,,,,
665,H X M,25322-055,PCT-XO-132,NO,,,,,
666,H X M,25322-056,PCT-XO-133,NO,,,,,
667,H X M,25322-057,PCT-XO-134,NO,,,,,
668,H X M,25322-058,PCT-XO-135,NO,,,,,
669,H X M,25322-059,PCT-XO-136,NO,,,,,
670,H X M,25322-060,PCT-XO-137,NO,,,,,
671,H X M,25322-061,PCT-XO-138,NO,,,,,
672,H X M,25322-081,PCT-XO-158,NO,,,,,
673,H X M,25322-082,PCT-XO-159,NO,,,,,
674,H X M,25322-083,PCT-XO-160,NO,,,,,
675,H X M,25322-084,PCT-XO-161,NO,,,,,
676,H X M,25322-085,PCT-XO-162,NO,,,,,
677,H X M,25322-091,PCT-XO-168,SI,,,,,
678,H X M,25322-092,PCT-XO-169,SI,,,,,
679,H X M,25322-093,PCT-XO-170,SI,,,,,
680,H X M,25322-094,PCT-XO-171,SI,,,,,
681,H X M,25322-095,PCT-XO-172,SI,,,,,
682,H X M,25322-076,PCT-XO-153,SI,,,,,
683,H X M,25322-077,PCT-XO-154,SI,,,,,
684,H X M,25322-078,PCT-XO-155,SI,,,,,
685,H X M,25322-079,PCT-XO-156,SI,,,,,
686,H X M,25322-080,PCT-XO-157,SI,,,,,
687,H X M,25322-086,PCT-XO-163,SI,,,,,
688,H X M,25322-087,PCT-XO-164,SI,,,,,
689,H X M,25322-088,PCT-XO-165,SI,,,,,
690,H X M,25322-089,PCT-XO-166,SI,,,,,
691,H X M,25322-090,PCT-XO-167,SI,,,,,
692,H X M,25322-180,PCT-XO-257,SI,,,,,
693,H X M,25322-181,PCT-XO-258,SI,,,,,
694,H X M,25322-182,PCT-XO-259,SI,,,,,
695,H X M,25322-183,PCT-XO-260,SI,,,,,
696,H X M,PCT-24-XO-21502/4206-002,PCT-XO-071,SI,,,,,
697,H X M,PCT-23-XO-4-602/206-001,PCT-XO-005,SI,,,,,
698,H X M,PCT-23-XO-4-602/206-002,PCT-XO-006,SI,,,,,
699,H X M,PCT-23-XO-4-602/206-003,PCT-XO-007,SI,,,,,
700,H X M,PCT-23-XO-4-602/206-004,PCT-XO-008,SI,,,,,
701,H X M,PCT-23-XO-4-602/206-005,PCT-XO-009,SI,,,,,
702,H X M,PCT-23-XO-6/4-206-001,PCT-XO-001,NO,,,,,
703,H X M,PCT-23-XO-6/4-206-002,PCT-XO-002,NO,,,,,
704,H X M,PCT-24-XO-21502/4206-001,PCT-XO-069,NO,,,,,
705,H X M,PCT-23-XO-4-206/602-001,PCT-XO-010,NO,,,,,
706,H X M,PCT-23-XO-4-206/602-002,PCT-XO-011,NO,,,,,
707,H X M,PCT-23-XO-4-206/602-003,PCT-XO-012,NO,,,,,
708,H X M,PCT-23-XO-4-206/602-004,PCT-XO-013,NO,,,,,
709,H X M,PCT-23-XO-4-206/602-005,PCT-XO-014,NO,,,,,
710,H X M,PCT-23-XO-4/6-206-001,PCT-XO-003,NO,,,,,
711,H X M,PCT-23-XO-4/6-206-002,PCT-XO-004,NO,,,,,
712,H X M,PCT-24-XO-036,PCT-XO-063,SI,,,,,
713,H X M,25322-161,PCT-XO-238,SI,,,,,
714,H X M,25322-162,PCT-XO-239,SI,,,,,
715,H X M,25322-163,PCT-XO-240,SI,,,,,
716,H X M,25322-164,PCT-XO-241,SI,,,,,
717,H X M,PCT-24-XO-026,PCT-XO-053,SI,,,,,
718,H X M,PCT-24-XO-027,PCT-XO-054,SI,,,,,
719,H X M,PCT-24-XO-037,PCT-XO-064,SI,,,,,
720,H X M,25322-157,PCT-XO-234,SI,,,,,
721,H X M,25322-158,PCT-XO-235,SI,,,,,
722,H X M,25322-159,PCT-XO-236,SI,,,,,
723,H X M,25322-160,PCT-XO-237,SI,,,,,
724,,,,,,,,,
725,,,,,,,,,
726,,,,,,,,,
727,,,,,,,,,
728,,,,,,,,,
729,,,,,,,,,
730,,,,,,,,,